-24.987,-7.3756,31.065,-3.8783,5.3866,-6.4239,5.1982,-11.792,9.0082,-8.0099,-2.888,-1.5128,-1.1684,-1.3381,-2.6721,7.0033,-3.3129,0.40934,1.0532,-4.1826,-2.5618,2.0177,-3.2689,3.4943,-4.5079,3.2497,-9.5424,-0.2151,1.2968,0.37781,5.311,1.5185,-0.51445,-1.5488,5.6393,3.1817,2.4125,-3.0135,-0.29472,4.6641
-42.449,2.4521,1.582,11.002,33.017,-6.8843,-3.5778,-2.5393,12.148,3.9462,-7.2248,-3.4601,13.028,-11.884,0.21795,4.9392,-0.14592,5.569,-7.1009,-2.3901,2.3424,8.3609,3.8939,-5.9898,5.0874,-0.034101,4.1923,-3.2296,-2.4406,1.7197,15.011,-3.1047,-2.9487,5.4342,-3.0576,3.8079,-1.4967,-2.3119,-2.2964,3.3453
-33.773,6.2103,18.173,-9.2329,10.685,-19.568,1.6961,-18.711,6.7237,-0.97339,-5.0601,0.26508,1.5153,6.7791,-5.3516,4.2519,-6.1638,-2.0296,-1.2978,5,-6.0434,2.4889,-4.7756,2.3745,4.5068,-1.3823,-3.1153,1.5979,-7.0272,-4.5409,0.93037,-2.9304,-1.8105,1.9338,2.6125,4.8696,-4.6363,-8.0282,-1.7317,-1.5443
-42.806,3.7261,7.0085,36.57,-7.2134,-16.709,8.2701,-9.3616,-7.7015,-24.592,10.255,-5.823,-0.65484,4.5036,16.097,7.2394,1.877,-1.5019,-6.6249,-1.1328,-4.9861,2.197,-2.462,6.5657,-0.10153,-8.1546,0.56168,2.8009,-1.6157,-4.2131,-7.5404,1.1051,-0.6311,3.3378,-0.63596,-3.3045,-6.666,-2.0449,1.4566,-2.261
-3.8363,13.324,22.199,2.2674,-2.9476,-2.4513,-3.4258,-11.606,-5.2266,2.1969,-0.33199,2.3953,9.2467,7.8315,2.5793,9.6546,-8.2693,0.3163,4.5133,6.2544,2.3461,-0.089265,4.0302,2.0099,3.0264,10.761,3.0126,-2.4123,8.051,-3.5077,-0.32408,2.2187,-2.8956,0.0072644,-1.7918,1.8127,1.608,7.9287,2.2882,-1.0425
-3.826,10.438,24.1,-7.6473,4.2406,-3.169,-4.3171,-10.044,2.0644,8.2166,-1.4163,2.5089,7.9272,-0.07317,0.7651,10.718,-11.614,-1.3152,4.844,2.9296,1.7796,-1.4409,5.4141,1.4671,1.9247,6.9508,6.2374,3.6286,2.6494,-4.6013,-6.374,0.073514,-3.4551,0.52578,0.53929,-0.5571,0.64991,-2.1774,-0.52978,-2.8616
-4.8972,14.365,19.923,-4.8613,-0.67008,-4.1763,-2.9163,-14.126,-0.78452,7.3473,-0.57685,2.9931,9.3532,4.0179,3.6847,8.0491,-11.289,0.34128,6.1856,5.1966,-1.3353,-3.4919,4.8881,2.1226,4.2844,9.5193,0.55543,-1.5695,2.9882,-4.482,-2.6265,0.57108,-3.725,-1.4116,-4.2381,0.58773,1.2901,4.9378,0.036741,1.0857
-2.5746,12.259,23.027,-6.6742,4.1909,-3.9192,-4.3655,-9.7547,1.8806,9.3611,-2.311,2.6403,6.6703,1.1338,-0.73256,9.4796,-10.311,-3.1875,3.2535,5.3608,4.3843,0.14908,4.057,0.31624,0.5183,7.9585,5.3457,5.7712,3.1329,-4.8561,-6.9474,-0.024362,-3.7181,1.6094,-0.87242,-0.76747,-0.63381,-2.8333,0.84915,-3.2967
-4.6327,-7.3731,-9.3915,-2.7584,-12.816,12.762,4.0754,4.6824,6.3021,5.8005,-5.5444,-3.7649,-8.4493,-0.86954,3.1048,2.1608,-2.2393,-8.5216,-7.7866,2.4601,-5.436,5.3686,3.7194,-2.7917,-1.9436,-1.8625,-1.936,1.7269,1.4296,-4.141,-5.5959,0.68835,3.85,-0.64708,-0.21594,-3.9312,1.6664,-3.7345,3.3109,-1.7012
-5.3706,-8.7398,-9.0585,6.654,-17.002,7.4343,2.0782,8.478,9.0595,8.3328,6.6061,-1.3959,-1.5867,-5.3338,10.392,-3.9868,-3.1318,-12.972,-5.4916,8.5551,-3.212,9.3094,-0.20864,1.6088,-0.89425,-0.82325,0.58789,-1.3671,-3.0957,-4.7926,-4.2017,-0.70691,3.2384,-0.397,-0.16402,1.9274,2.2648,-0.087658,2.0247,0.93016
-7.0745,-7.7858,-6.5124,6.1195,-18.635,7.3996,3.9228,4.3985,11.234,8.5182,4.7471,-2.5642,-4.0436,-2.9675,8.1356,0.48003,-6.2307,-12.779,-5.0041,3.8182,-2.139,9.5551,-1.3155,1.4542,0.4037,1.4999,0.88282,0.019623,-3.5055,-5.4199,-0.27391,-1.1419,4.5535,1.3389,-0.079472,2.389,1.8825,-3.1957,3.3392,2.1782
-6.6552,3.8258,-14.018,-11.658,-2.9791,9.3523,11.842,-3.9307,1.8644,-2.1291,4.0295,-3.0131,-3.3947,-8.8281,-1.1889,0.78438,-5.6223,-6.4837,-5.1984,-2.4202,-0.83545,1.35,0.79585,3.3596,6.6061,-2.3655,0.23078,5.465,-4.6327,-2.037,-2.0007,0.32478,0.7743,-3.3772,-3.3484,0.5453,3.4738,-3.2581,2.5996,1.4287
-4.0996,-11.845,-5.4231,-9.6433,-0.20228,12.813,12.608,-1.855,2.6361,-1.2407,2.9053,4.0031,1.4121,-3.4335,-5.2986,-1.01,-0.88793,16.945,-0.09139,-0.99659,-3.8656,-8.7206,-2.6562,2.3199,2.3517,-1.1516,-1.6036,-2.5778,-2.822,-2.4018,5.548,-2.4641,-1.6685,2.5807,1.9324,-0.51627,3.686,-0.076926,4.339,3.6282
-2.9017,-8.153,-0.61974,0.23738,-6.174,16.909,4.7617,6.2237,18.296,5.5293,4.9178,0.74707,6.8052,2.3702,-4.0463,2.3327,-6.4457,9.8828,4.7579,-1.3454,-1.4961,-3.6214,-3.168,5.3868,-0.29919,-1.6788,1.1929,-1.9315,-0.34613,-1.3842,3.4629,-0.87932,1.0669,1.6897,3.1621,-1.9712,-1.6595,2.0991,-0.80686,-3.6121
-2.9777,-5.037,-5.3549,-9.9007,0.26213,12.715,15.248,-1.8218,3.1839,-5.9049,9.1339,1.0771,3.3477,-6.0203,-4.333,-2.648,-2.457,11.802,-2.463,-5.0647,-3.2117,-10.391,-3.1078,0.42379,3.2929,-2.7381,1.009,0.73778,0.81286,-0.99779,4.229,0.10019,-2.21,2.5421,0.21724,1.652,5.7513,0.29385,2.0814,2.169
-15.346,-17.373,5.5821,2.9436,-13.127,11.914,6.6857,8.2503,11.256,-5.9059,1.6353,-0.12489,-0.83532,7.9478,-2.0975,3.1087,-5.7149,12.022,3.9776,0.80574,-3.6008,-4.4201,-4.0999,3.3281,0.12973,2.2355,1.2817,-2.4681,-0.6941,1.7123,1.3597,0.63371,-0.60931,0.15449,6.9775,-3.1134,2.0159,-2.134,0.96024,-1.0405
-16.474,-2.0835,-26.59,-6.0751,17.834,-1.6956,0.97026,-5.0301,-6.3627,1.3568,4.3502,3.8658,5.9747,-7.0012,-5.7924,-5.2602,-7.9865,-4.3972,0.15714,-0.021297,1.1497,-0.39827,-0.31949,-3.3348,-2.5402,-1.9093,-1.7698,-3.5576,7.5637,-0.82594,-1.3556,-1.1857,2.4221,-2.2511,2.6691,2.5991,2.56,-2.1154,4.2019,3.4368
-18.509,-4.7061,-22.376,-7.401,12.924,3.4444,-2.6783,-2.8329,0.12972,2.7003,-7.1573,1.4056,2.4822,2.6315,-5.2312,-2.6953,0.26823,-1.8624,2.6733,-0.41937,-4.292,1.1379,2.0757,-4.6734,-4.8056,-0.13696,-2.3166,-0.17068,4.2682,-3.3031,-3.1243,-2.7964,5.7609,2.1594,0.84967,4.0208,0.52163,-1.4019,1.5977,1.7396
-19.909,-9.5547,-20.391,-2.4679,11.123,1.9819,-6.627,-2.0917,1.8513,6.7462,-1.7337,0.32416,7.3109,1.789,-4.9407,-1.0783,1.6168,-4.6255,3.1743,0.19858,-2.4955,1.9766,-2.3006,-4.9292,-8.0327,-0.11518,1.1511,-0.36005,1.1524,-4.8093,0.82524,0.13359,5.187,2.3001,-0.68709,-0.32489,1.7492,-3.3315,2.4177,2.016
-14.35,-0.44205,-27.62,-5.6506,17.253,-2.5395,1.8046,-2.9607,-6.0023,4.0577,4.3205,4.4499,7.525,-5.2094,-5.3486,-4.7558,-8.7973,-5.4844,-0.41567,1.0818,0.93636,-0.83083,1.2627,-4.3772,-2.2927,-3.0197,-0.93034,-2.7153,8.5534,-0.21388,-1.2504,-2.5593,1.2563,-2.1516,4.6591,2.4537,2.3463,-3.5278,4.15,3.0287
-13.848,-35.437,-10.62,8.1924,20.13,-10.786,-11.85,11.262,4.368,-5.8591,-3.657,-1.7632,1.1525,-2.9733,-0.58484,-1.9867,0.88118,0.74558,-0.39713,3.1556,-9.146,2.0462,2.1574,-5.8637,-2.8547,5.0731,1.3976,-0.67814,-1.0232,0.083556,0.26908,4.2301,0.26939,-0.41034,-2.0396,-4.7561,-0.2048,0.81987,-1.4816,-1.3768
-11.671,-33.763,-12.868,8.6121,23.085,-15.844,-11.783,10.037,4.3015,-7.2347,-2.8789,-1.9907,-4.4688,-1.6483,-3.7571,0.32349,0.58245,2.0228,-0.44558,4.2739,-6.1868,0.60335,3.1409,-5.8983,-4.4084,4.0402,0.64124,-0.38521,0.64617,1.5217,-1.1195,2.4064,0.040794,2.8068,-0.45693,-2.2825,1.2333,0.5753,-1.5692,-2.5491
-15.687,-34.704,-9.5049,6.7018,17.893,-10.057,-7.7592,12.038,0.90444,-5.6353,-6.0531,1.1979,0.18509,-4.2907,0.034832,-2.5157,2.5961,1.801,-0.20887,4.0348,-9.7437,2.0395,6.4044,-7.5056,-2.1078,5.0607,-1.9253,-0.75998,0.058823,-0.038291,-2.762,2.5295,-0.79282,-2.7976,-1.3014,-1.4673,0.42616,0.73284,-2.7496,0.85776
-27.2,-42.505,-1.0731,17.908,21.622,-21.75,-11.155,7.4697,-2.1239,-20.85,6.3339,-0.44244,-11.614,-2.9327,3.9828,9.7406,4.2221,6.4073,-2.6792,2.611,-6.6108,5.6119,7.1537,-1.6213,3.4085,1.4052,4.5518,-3.8352,-1.8325,3.3254,-1.2306,2.7923,0.85811,-2.1747,1.0181,-1.4275,2.9118,5.0414,-0.026177,3.2842
-5.3967,-14.78,19.946,6.9962,-15.792,-8.2231,-8.1626,10.451,-15.047,9.3716,-12.267,4.1225,2.2031,-4.0874,2.2339,2.1482,1.6302,-5.8752,0.67746,-6.7328,-2.373,-6.3644,-10.544,-0.89676,0.72148,1.2792,1.7822,2.4821,-2.8737,2.8486,0.27389,-1.5353,-3.7105,-5.1546,-2.3635,1.9128,1.1188,0.47453,1.0682,5.3414
3.0633,-3.4056,16.281,3.3871,-14.67,-3.6231,-3.3127,13.211,-13.62,8.1398,-10.778,7.8891,1.2036,-4.1733,-5.9831,2.1193,0.20573,-7.1798,-5.5223,-2.8217,-8.5792,-3.8139,-9.1366,3.4627,-3.5165,-0.31464,-0.17777,5.5242,0.12181,1.9211,-1.1407,-0.66129,-1.4864,-0.057502,3.7371,0.95904,-2.5288,5.0478,2.6961,2.4541
-9.5853,-15.806,22.4,4.7784,-9.4688,-5.9675,-3.3848,12.433,-17.388,8.1331,-12.915,5.7301,0.45877,-5.0732,0.71727,3.9755,4.2575,-4.9734,1.599,-5.4123,-2.6152,-2.8563,-7.8973,-1.1118,-1.3842,0.19757,1.4754,2.87,-4.527,1.5296,-1.6967,-3.0226,-3.5512,-5.1303,1.6016,1.2659,-1.518,-0.97693,1.7951,2.9772
-10.557,-15.03,10.923,17.897,-17.642,-3.0789,-7.6018,2.1973,-17.392,7.5295,-10.78,1.7899,0.41588,-4.1541,-0.097202,0.57809,3.5659,-3.0203,0.79476,-4.4448,-4.7804,-8.3022,-5.3015,1.0406,-2.1139,0.53746,-0.070579,5.8251,-2.4561,2.4733,0.89472,-1.5025,-6.9748,-4.551,-1.5291,-1.0121,2.1623,1.2192,-1.019,2.1166
-8.3155,-11.152,14.019,-33.971,13.8,-11.755,13.182,6.0517,-4.9927,1.0792,0.028079,1.6057,-0.53967,13.13,9.1834,-8.0095,8.2787,2.6012,1.3713,-6.3517,4.3469,4.9742,0.15934,3.7599,1.9132,-1.3981,2.1758,-3.4951,-5.46,-8.312,3.9718,5.3501,-3.2281,-1.5721,-1.1497,-0.040906,-0.86355,-1.226,2.4807,-2.6603
-4.5953,-6.4402,12.363,-37.88,11.042,-13.612,11.557,10.18,-4.7611,1.4165,-0.11137,4.2293,-2.3679,15.875,7.3482,-7.458,5.3429,-0.31452,2.8642,-4.6624,2.5544,5.1716,3.4634,3.4369,3.7422,0.85235,0.069222,-3.5489,-0.18935,-8.3691,1.7343,2.9414,-2.2709,-3.8256,0.73182,2.0411,-3.2282,-0.70687,0.98506,0.11595
-19.233,-17.573,25.421,-27.543,3.4628,-2.1579,10.548,4.3844,-0.81889,-4.037,-2.3119,-0.59823,9.4087,10.059,1.6489,-3.4448,8.8465,3.7749,2.8009,-3.8134,-0.48733,2.8604,-0.90856,4.7462,6.5706,-2.6902,4.6881,4.1643,1.5335,2.399,-2.4546,-1.4959,2.7653,-1.2344,5.5055,-4.1653,6.0147,-3.0104,-4.0103,0.85925
-7.8084,-10.561,11.347,-34.426,11.855,-3.6053,7.1005,12.665,4.6036,8.4706,1.815,0.15929,11.986,9.7141,9.5,4.5677,4.7214,-1.9267,0.92989,-5.3471,4.221,7.082,0.76514,3.8697,-1.1537,-4.6668,6.6292,4.3108,5.6907,1.9378,0.4503,1.2714,-2.813,-5.1116,0.068479,-6.8653,6.9885,-1.9432,-1.1165,1.0044
7.5785,-18.716,-6.2036,-1.877,-5.416,9.963,-20.464,-5.1667,9.1207,-6.7176,11.865,2.4197,4.1403,-2.7734,-7.3977,3.0997,6.3512,1.9354,-0.40526,-8.2115,-2.4587,1.3778,-2.6182,-0.52236,0.04814,-4.1173,0.30743,5.149,-0.38357,-5.3007,0.68077,-5.1504,-2.5898,-0.67046,-8.6053,0.55923,-4.0274,1.3016,1.3815,-4.4718
4.2832,-19.852,-8.0413,-6.2971,-6.1933,13.647,-14.714,-2.0216,8.7438,-4.9925,3.1688,-0.38113,6.3527,-0.067108,-9.6955,3.0033,8.068,2.5863,2.6187,-3.2552,5.143,1.8598,-4.6344,-1.5893,-5.1073,0.72365,-0.30739,3.4247,0.95288,-6.7363,-2.3784,-4.5713,-4.973,-1.7574,-2.6296,-0.29374,-1.1724,-1.5457,0.60738,0.85685
6.8548,-16.253,-5.4468,-0.10152,-7.699,14.377,-19.874,-4.2348,10.063,-7.0687,10.945,0.50349,6.3643,-3.9832,-6.554,0.31381,6.5749,0.40957,0.0022434,-8.1494,2.8448,3.104,-3.0808,-0.8309,0.15242,-0.41286,0.34332,3.8634,-0.62555,-8.862,0.46756,-4.553,-5.0421,-2.0213,-7.4338,0.49044,-2.0445,-0.78101,0.027449,-3.3434
-0.5842,-22.421,-0.96737,-1.2441,-11.003,9.0389,-7.1143,-4.5667,3.242,-15.502,6.4702,5.8667,-3.5416,4.6629,-7.098,3.329,3.2367,6.7972,7.3991,-3.2709,-0.29794,6.4512,0.012167,-2.3298,-5.2054,-2.9658,-3.3773,1.6429,3.7039,-3.2151,-0.59704,-4.9258,-4.3976,-2.5796,-3.7099,3.8183,-0.038741,0.2461,-1.4086,1.9191
19.14,-27.044,-0.83767,-29.429,4.7251,-21.697,-14.964,-7.3084,-2.2587,13.787,16.658,13.472,-8.5026,4.3441,4.064,-2.2434,0.14487,10.523,2.6843,2.1522,0.083343,-1.4424,2.5674,7.6501,0.84106,2.2667,-11.714,4.6264,0.80303,0.88524,-0.92332,5.8421,5.2516,6.1939,-4.6441,2.5657,0.24351,4.7512,-3.1498,1.5961
15.331,-29.735,9.9167,-27.41,-4.3866,-14.392,-16.867,-14.182,0.36958,11.007,12.118,6.2689,-5.2622,2.4223,2.0734,4.7951,6.7485,1.0086,-1.6049,-3.4342,-2.8705,-3.4248,0.60516,3.0563,-1.7782,-1.8761,-4.7514,1.3072,-0.32813,0.53527,-1.4511,-2.2979,8.2236,4.6439,0.67394,2.5019,3.1224,0.20002,-1.7996,0.51232
12.642,-29.997,14.425,-16.713,-7.9725,-12.383,-18.131,-14.325,5.3769,9.211,18.135,-3.1469,2.7561,-3.5482,1.1374,4.7815,9.0054,-7.7706,-6.8713,-2.7269,1.7213,-8.1278,0.21608,-4.6258,0.5583,-1.3756,4.1499,-8.1211,-1.8197,2.1153,-0.18762,-2.2885,5.1908,-5.637,6.6051,-1.1197,2.3169,0.98394,-1.2694,-2.326
9.9307,-28.085,12.068,-12.544,-5.8307,-9.541,-15.384,-13.555,6.2023,5.6891,18.886,-2.4419,1.5616,-5.4315,1.0552,4.5521,10.104,-7.2435,-6.2317,1.744,5.8702,-8.0993,0.40556,-6.8473,-0.34769,-0.92147,3.7326,-10.431,-0.61779,3.7136,-2.0993,-3.2897,2.455,-9.2873,5.0461,-1.8456,-0.15655,-1.3836,-0.7872,1.7559
11.835,3.6373,20.054,-28.052,-6.0463,6.6223,9.1416,18.253,-5.5708,-7.3847,-2.2799,3.5446,3.178,-6.1561,-11.004,4.1669,0.072127,-1.9198,2.2714,9.6019,3.2601,-0.45914,0.30221,-4.6123,-2.4527,3.0634,-0.71328,-0.5132,-10.449,0.52864,1.6345,-0.45653,0.59893,4.8388,2.2017,-1.5201,-10.081,-3.7464,0.25588,-0.46278
13.264,7.118,13.63,-31.313,6.7695,4.7557,15.725,6.9376,-14.754,-9.87,5.7033,0.039343,9.4656,-2.0558,-1.5769,7.6701,-4.4038,-4.0711,-1.947,-0.54367,6.0368,-1.3619,2.9924,-2.4426,-9.9049,4.1296,2.5178,-4.8429,-0.90556,5.4708,0.2817,-6.0517,-0.27989,7.8989,-10.255,-5.2997,-0.12526,1.0417,-5.685,1.6303
7.492,8.883,19.491,-29.289,-2.8051,5.7133,13.513,13.893,-5.8018,-9.8568,1.5101,0.98298,3.7392,-4.2707,-6.4907,7.4623,2.9575,-1.4286,-0.61176,7.0863,4.5843,-0.58381,0.4821,-6.9429,-7.7598,2.0651,0.59095,-1.4309,-10.022,1.388,0.48267,1.3574,0.70141,5.2048,-0.87185,0.45476,-5.8449,-2.3711,0.95882,3.5554
2.6056,20.882,17.5,-22.235,-5.8476,-6.596,-0.37996,17.422,2.3218,-8.9212,-5.2192,-4.0891,-3.378,-1.8417,-7.7315,6.3397,-1.9993,-2.3176,5.8622,0.88015,1.2694,8.341,-4.6377,-2.9691,-8.9073,2.2283,0.53516,1.7885,-9.4086,-2.5456,1.6171,2.265,7.3031,-5.1509,5.3381,5.3827,10.716,10.749,3.9231,-3.1717
-33.284,-5.0566,6.7024,-5.9498,-7.5261,5.4901,6.0003,-13.143,-7.97,-0.79959,-3.5825,-7.0325,-9.0846,8.6843,-2.9019,4.2468,0.44515,-1.1361,8.1481,-0.77037,-3.7426,4.1687,-2.2459,-7.6345,4.9871,-5.4335,1.1352,-3.9988,1.0032,4.8502,1.9276,-2.4419,-1.0321,3.9621,1.0282,-6.2424,0.91744,1.8815,-5.184,4.1035
-15.283,-0.17772,-12.473,-6.8785,-10.499,11.779,-1.332,-19.737,-12.353,7.9787,-7.6746,-8.0677,-7.6567,7.4767,-6.0754,3.7927,-1.793,-0.12112,6.3655,-1.2502,-1.5429,8.3355,2.3996,-4.232,-3.6665,-9.0932,7.5326,-2.0709,3.2068,3.5998,6.704,-0.53984,3.2484,-0.63507,2.0825,0.46796,-0.8153,0.9919,-1.0503,-2.0798
-14.051,3.2895,-15.796,-8.353,-7.7835,7.3843,7.2488,-18.252,-17.454,0.84819,-3.3268,-5.3378,-11.788,0.021374,-1.3683,2.6833,-5.6603,-0.44688,11.077,-3.6411,-2.0489,10.259,-0.90926,-1.1005,3.964,-2.4226,10.255,-2.0632,0.12775,1.6297,1.5544,0.43365,-2.0903,-3.3122,-1.8859,2.167,-1.8587,6.9476,-2.4031,-0.095443
-11.473,-0.039846,-16.378,-13.928,-7.0386,9.8376,-2.5644,-16.944,-6.0999,3.6395,-8.4382,-1.7415,-14.231,6.7986,-5.7297,7.7707,1.8571,-4.5316,6.7277,0.59497,-1.3325,1.5901,-1.0762,0.4621,2.1577,-5.9782,4.0375,-1.1995,-3.5428,5.8296,-5.2523,0.50209,1.6636,3.1728,3.2971,-3.478,-1.3023,-3.6558,3.2949,-1.9625
-20.938,12.201,-23.317,-2.9032,0.54898,-2.6104,7.6167,-13.076,3.6474,1.8426,-5.5532,-0.22264,-4.904,-11.464,0.28827,3.0775,1.977,5.3689,3.7977,-1.7195,3.8619,1.3905,-5.9047,1.0872,-0.39716,2.1927,-4.697,-1.5345,-4.0844,-7.8567,-0.24188,7.2136,1.1389,-5.8678,2.7783,-4.3287,-2.7547,4.5221,-1.9907,0.35189
-20.82,13.274,-26.261,-2.4616,2.3508,-2.6599,4.3054,-13.592,5.8821,3.9167,-7.6641,1.1194,-6.4127,-10.074,0.58457,4.4057,1.6741,5.6141,2.1612,-0.41837,5.6083,-0.23145,-5.3311,0.69515,2.4265,2.1077,-6.592,0.59184,-4.3549,-7.5818,-0.42327,6.4059,0.064715,-8.4939,2.2775,-2.9121,-6.8879,1.7567,1.4143,3.6925
-28.098,11.54,-20.501,-0.10959,6.7261,-17.283,18.251,-2.4813,-4.8326,-2.7712,3.6713,-6.1579,10.643,-8.7187,2.8028,9.6634,5.8671,1.9807,-2.9333,-0.61144,-0.49898,-0.32425,-4.9746,-1.4442,-3.0387,-3.9436,-5.1065,0.12544,2.0009,-1.8225,-4.5405,-3.533,-3.3623,4.9241,-4.1643,-3.7736,3.0727,2.6965,1.2914,-6.927
-24.298,11.729,-21.091,1.2665,1.9337,-13.179,19.648,-5.2163,-6.8688,-3.0247,0.55875,-6.6141,9.3983,-8.7721,3.2998,7.9778,3.8103,1.3215,-2.5584,0.82749,0.57343,3.9731,-6.259,1.3247,-7.8427,-0.86785,-3.3302,-1.7327,5.328,-0.68742,-4.6652,-3.438,-0.27465,1.2314,-2.3455,-2.9085,1.8782,3.0274,-0.0062601,-8.8831
4.6918,44.805,-10.961,-8.7727,-16.937,-15.286,-15.303,1.0849,3.2115,-10.312,-5.4525,-1.0759,12.459,-1.0139,1.9414,-1.6802,-6.0696,3.8994,1.4867,-1.3318,-6.2316,-0.35929,4.9449,-1.7109,0.26976,-6.5029,-4.0554,-4.5002,-4.4162,0.57896,0.75958,0.30204,1.8938,-2.6941,-0.23675,-0.28551,2.5586,-0.38226,2.8854,-3.1907
5.7427,42.893,-9.3846,-6.4695,-18.237,-12.215,-20.852,-0.53622,4.6963,-8.3398,-8.1773,4.6484,8.7473,-2.2298,1.9287,-4.8756,-7.5199,7.7038,2.1225,-8.9031,-0.86628,-0.26698,4.0001,-0.016682,0.74902,-1.2383,3.7139,-0.32767,-5.0274,6.659,-8.2661,0.79329,-0.75388,1.4505,0.64211,-1.1402,1.2797,-3.877,0.74289,1.3239
4.5878,43.706,-9.7695,-6.0853,-17.101,-10.451,-21.663,-0.26372,4.183,-7.3414,-7.9551,3.2972,7.1871,-2.1286,1.7992,-3.9671,-6.8375,7.1554,1.8617,-8.5849,-0.091818,0.18374,3.0495,1.8081,0.94929,0.35015,2.8028,-0.37453,-4.1304,8.3237,-7.2975,0.81284,-2.5862,1.7338,2.0229,-0.66596,1.863,-3.6222,1.5161,-0.14145
6.5488,42.806,-11.382,-12.505,-14.624,-11.897,-15.728,0.71431,0.88545,-9.775,1.0035,-8.2162,12.305,-0.37118,2.5882,3.4359,-6.0778,-0.63987,2.5703,-0.79883,-6.1261,-3.0039,3.6958,0.2279,2.7278,-5.1418,-5.6637,-2.1318,-3.2715,3.0152,6.0119,1.9545,-2.2948,-4.8231,5.2501,0.40316,0.13225,1.0843,2.3837,-4.7302
-0.069556,10.968,20.847,4.401,4.9863,-1.4856,-9.0477,6.435,-2.0096,3.6519,1.5592,-1.1641,2.9185,2.7951,-4.1991,-6.5768,-2.0913,5.4038,-5.4684,8.1069,7.4194,10.747,-8.708,-4.3974,5.4772,-1.6287,-6.1597,1.1725,3.1885,4.8883,-1.3111,-1.6123,0.37476,-1.6452,2.3413,-2.7954,-2.0971,-1.5262,0.94509,-0.80989
-1.93,-9.8668,-10.83,2.1342,5.7422,-7.0625,8.9735,3.4303,-6.8678,-3.5801,1.5131,5.188,1.9468,6.0373,0.087932,-8.2133,2.7066,-1.2865,-1.7993,1.3575,-3.3767,-2.2408,2.9968,-1.3941,1.6189,2.7812,-5.2931,-8.0519,-0.78428,-3.5922,-5.122,0.21334,-5.1623,-4.3669,1.8577,-1.9789,-5.4201,2.6385,0.67525,3.3689
1.336,10.707,22.003,1.2167,3.9347,-1.2366,-7.3442,5.2423,-1.5649,3.239,2.4627,-0.81341,3.5272,2.6837,-4.6698,-7.4252,-0.095829,5.1099,-3.7782,8.4579,5.9789,8.3393,-5.6284,-3.7801,6.2613,-1.3149,-6.4266,0.7148,3.0255,4.878,-1.8581,-0.5841,-1.5424,-3.2055,2.143,-2.149,-4.7056,-2.0051,1.3487,-2.0157
3.3874,8.1379,21.248,3.3059,5.7187,1.834,-7.5724,6.3385,0.52056,3.6223,2.3267,0.075475,3.0439,2.0678,-2.5561,-5.7308,-1.5717,5.2869,-5.3008,8.5341,7.759,8.7494,-6.9293,-3.5693,7.1004,-2.1293,-6.3278,3.1823,5.1951,5.542,-1.7324,-1.6826,-2.6485,-1.6198,0.72536,-1.5628,-2.4347,-1.2951,-1.0117,-1.074
6.7046,21.726,24.123,5.3569,-7.9176,-6.9038,1.3049,4.095,11.199,-2.4384,-2.9189,-0.55877,-12.973,-3.4557,-15.051,-10.658,-4.4245,-4.5111,-7.6147,-6.1823,6.0492,-2.0882,9.5218,1.4371,2.4874,-5.0124,-4.9329,-0.67063,-0.43699,-7.7641,2.0183,0.77628,5.8443,-0.19213,-4.882,-6.5489,5.2805,2.5367,-3.7505,-5.5996
-12.614,-2.1453,27.42,4.2401,-2.0138,-6.086,5.469,-4.9969,17.772,-6.8272,-2.5733,6.3094,-5.4497,0.78708,-6.3096,-5.2868,-7.0567,-10.101,0.57183,-7.1194,2.2132,-1.5243,2.5268,-5.021,-0.84476,0.56874,-2.5986,-0.64973,0.032015,2.5532,-2.0539,-1.5632,4.0145,1.0733,-6.5174,-0.40413,1.6469,3.3233,-2.2348,2.28
-16.299,0.60338,24.186,0.60765,1.2468,-4.3851,2.2661,-11.012,16.32,-9.516,-5.5268,9.7034,-8.1695,-0.17446,-6.8411,-2.8709,-4.1087,-7.9536,0.58847,-6.3798,1.1457,-0.70647,1.5124,-4.2774,-0.44032,-1.2382,0.62348,-4.0968,-0.76294,2.9599,0.45224,-0.77805,-2.1446,3.1355,2.1257,0.043329,-4.2485,4.1096,-5.6493,2.029
-38.202,24.595,11.938,10.852,-13.692,-13.142,-5.2747,9.1764,16.063,-2.9086,-15.174,14.396,-4.7241,-0.99837,-5.3372,-12.405,-0.24685,-3.5913,-4.8851,-13.982,6.3148,0.71017,3.4987,0.61353,1.4481,2.0865,6.9185,0.2145,6.4506,-7.3056,2.158,-0.16954,1.9529,3.4555,2.2749,-7.5604,-4.4561,5.3603,-3.8026,0.63339
-11.997,4.5177,17.293,12.876,-19.387,16.151,2.0409,0.054057,3.218,0.15736,5.7147,-8.643,3.4543,0.83386,0.10968,-8.1135,2.6786,6.2356,-6.0413,3.2524,3.9707,2.2649,0.095225,-2.4665,-3.5188,0.70398,5.2225,-2.0396,0.10613,1.9221,0.81288,7.5874,-3.2692,-0.15052,2.4438,-7.0865,3.8444,1.4489,-2.9429,0.15106
-11.537,-6.8414,18.844,16.601,-18.225,18.651,-3.0548,-4.5868,1.4129,-1.5024,8.52,-9.9122,3.7949,-0.50025,2.9263,-2.92,3.615,2.9877,-8.0705,3.0182,8.871,2.1693,2.648,0.21559,-2.5457,3.6919,0.22914,-0.054304,-1.4723,2.0608,2.6474,5.8331,-4.1766,-0.35884,2.1196,-0.91823,3.3959,4.7279,0.3263,-1.8511
-2.6817,-10.068,11.063,-9.7744,-6.8752,18.868,-9.7413,0.56105,-4.093,-0.071412,-3.7951,-4.1816,-2.1575,2.4521,4.0264,0.61016,0.72189,-3.9764,-4.9523,-2.314,2.6034,1.1225,8.3219,3.4501,-8.4299,-0.092192,-10.291,4.1135,2.6461,2.145,0.62493,4.5306,-6.1508,1.6345,2.1233,5.4648,-1.7254,-1.8177,-4.1129,-3.4549
-0.34237,-12.39,10.615,-10.91,-5.7626,16.996,-11.483,0.11823,-5.6992,-1.2155,-4.8211,-4.1414,-1.9501,1.1931,3.9518,0.52378,0.49673,-3.596,-4.0542,-1.731,1.9691,1.0716,8.2152,3.5659,-8.5013,-0.6943,-10.137,4.4448,2.199,2.467,0.7163,4.8938,-5.7172,2.0821,3.087,5.3125,-1.8358,-1.7097,-4.7709,-3.0958
-37.691,-9.3225,-4.4821,19.345,-6.9812,-5.3,1.3055,10.6,12.523,9.7212,5.8919,-2.2167,7.37,1.604,6.9293,0.49328,-1.2348,-3.6712,8.8999,0.054035,1.4149,2.936,4.3249,6.2211,0.48566,-3.3557,-4.1966,1.5597,-5.8886,8.6712,-0.27312,-1.9194,5.1365,2.3223,-1.9771,2.792,-2.7762,0.3426,0.15388,1.7526
-33.961,-7.3204,-11.307,18.644,-1.7576,-2.0549,2.6078,8.0077,9.8618,15,-0.27353,-1.5631,7.2645,2.7417,3.2699,2.0115,-0.28189,-2.7323,10.732,-0.1774,4.4028,-1.9143,2.8535,0.85132,-0.85009,-4.3168,-3.4413,2.3447,-3.7888,4.8675,2.1652,0.72512,3.8372,-1.8944,-3.1013,1.281,-3.4276,1.3127,-1.2004,2.3395
-34.028,-4.0344,-17.257,2.1039,10.433,-2.1339,14.137,-1.3408,-5.5793,-0.57921,3.9993,2.9993,0.75735,-3.7075,0.65549,-6.9993,0.12,-0.5481,-1.3253,-2.1208,6.6355,-6.8337,0.29923,-1.0937,3.3093,-5.9662,-2.4079,-4.5281,-3.0403,3.0176,-5.0365,-5.568,-2.4775,-0.98428,-3.8316,0.15796,0.26847,2.4963,-0.68101,-5.3159
-32.596,-1.3655,-12.929,17.726,-1.604,-1.0437,7.3787,7.5056,11.375,17.8,-0.43569,0.43903,4.2006,3.8148,-0.044041,2.5639,1.4945,-0.61552,6.667,-0.43148,0.72546,-1.4367,6.5956,1.3879,-3.7372,-4.9879,-3.859,4.4699,-1.3609,4.8359,2.2519,2.0409,0.66499,-2.8052,-2.9016,-1.2334,-2.3324,3.2454,1.0312,-0.42939
-11.723,27.063,15.589,-3.6545,4.6288,10.759,1.7306,-0.82462,-2.7757,-7.7658,8.3636,-8.6689,-1.2451,-7.44,-6.0824,-5.1245,11.321,-9.7779,7.4764,-0.26189,-4.4613,-2.2929,6.2982,4.8692,5.088,5.9665,-0.68004,2.584,2.485,1.4759,-2.2252,2.9651,-2.5319,2.119,-1.3938,1.6657,1.4997,-0.24832,2.863,3.5768
-13.111,29.489,11.823,-1.1558,6.1309,8.2637,1.0879,-0.4062,-1.7198,-7.692,7.9492,-10.526,0.51374,-9.0475,-7.9832,-6.713,8.9371,-11.302,9.7741,-0.074815,-7.1962,-3.0634,4.0011,3.2909,6.3442,4.5569,-1.3306,0.63995,4.3159,3.8039,-0.28621,3.5949,0.082112,2.0748,0.25012,1.3281,1.5392,1.0619,4.3502,1.8022
-18.694,33.787,10.556,1.0905,9.149,3.5321,-5.0429,0.60932,-2.0835,-7.9037,4.8832,-11.09,-1.9181,-8.1794,-5.5127,-6.82,11.008,-9.1389,6.9835,1.9792,-3.974,-3.0271,3.3949,3.7329,5.232,2.4726,-1.1005,-0.2967,3.8295,5.203,4.8859,1.9408,-0.82868,2.1315,1.6381,-0.47759,0.086515,-1.0207,4.6546,-1.5486
-19.034,25.515,20.375,-3.9891,11.399,-0.79997,-5.3198,10.337,-3.5605,-4.9857,2.4933,-11.769,-1.2932,1.3614,-0.083009,-2.9056,2.0362,-1.0347,2.2914,-3.0078,-0.55044,9.6292,-5.7014,4.7033,1.2281,1.5972,-1.3372,-3.7091,4.2692,0.28348,2.2464,1.0861,8.7402,-4.9125,-1.5396,4.1171,-0.20996,-2.8777,-0.082101,-1.9906
23.059,-20.339,3.6885,4.9218,0.96027,2.6202,9.5267,11.198,12.234,15.325,2.4708,0.5158,0.6232,-14.329,-0.14731,8.275,-3.6436,-0.51445,-1.5656,0.5447,-6.7832,3.5283,4.2039,5.3115,0.59643,-6.4094,2.9838,-3.0633,3.9362,-0.26287,2.525,-1.6944,-4.5518,-1.0722,7.6224,-3.5598,-2.3869,2.7148,-0.45616,-0.91574
24.416,-21.616,2.06,5.6136,-0.080211,0.27387,9.412,11.279,11.247,15.558,-1.3161,-0.51279,-0.81935,-12.619,-1.1777,6.0746,-2.5233,0.71492,2.3685,-1.6757,-7.6891,0.8407,7.1208,5.415,0.97977,-3.6352,-0.18069,0.80681,3.4156,-1.0067,-0.33395,-1.1865,-2.905,-1.7312,4.9539,-2.3069,-0.36474,1.6558,-2.1666,-2.5482
24.645,-16.144,5.6361,1.9158,-1.7829,2.5818,11.638,6.6867,13.244,9.5429,0.21085,3.1041,-2.8261,-11.505,-3.3894,6.1355,-3.392,4.7252,1.568,-1.8108,-10.849,0.13252,2.3109,4.6326,3.3327,1.5144,0.37735,2.2511,4.6954,-0.50198,3.4424,-1.1951,-1.0134,3.1222,2.2794,-1.9277,-3.1494,-4.7136,-2.6902,-4.1812
15.676,-14.511,8.2731,6.1811,-9.7317,-8.8612,13.725,14.951,1.455,5.3015,1.841,0.95854,1.5468,-8.7965,-5.6147,3.6038,4.853,14.664,-1.6358,-7.1003,1.1801,3.3414,1.505,0.66715,2.8533,12.592,6.595,-3.9419,4.1659,5.768,-0.21868,1.1766,10.766,-0.42531,-6.0092,5.0401,-3.814,-5.1489,8.0608,-1.6517
20.154,-10.206,-6.2965,9.5753,-5.6,6.2201,-7.6823,-4.1072,-3.5894,4.263,-1.4201,1.3582,6.9255,6.2169,0.41386,-6.3187,-0.3421,-4.2341,0.56931,1.2564,1.4897,-3.3827,-0.65924,-0.061505,-3.6413,2.3327,3.32,0.47687,-3.8072,-3.0252,6.8171,1.3515,2.1499,2.0042,0.46102,-4.6088,0.1578,-0.59322,6.662,-5.7137
24.749,-7.2878,-10.326,2.2674,-1.3032,-0.31424,0.91707,-7.4016,-9.7621,-2.0191,0.244,6.7032,0.14055,2.7668,-0.94816,-9.7923,-5.9855,1.7117,0.073337,7.192,-1.1096,-0.48842,3.7262,2.4292,-4.3758,-0.94697,4.303,1.7298,-2.1749,1.1417,6.5019,-6.8366,3.4761,-3.5927,1.7082,0.31542,0.37371,2.8159,3.375,-6.1878
26.814,-7.3198,-14.229,3.1252,-1.0085,-3.5647,-1.9337,-6.5708,-8.7863,0.4322,-1.0767,8.6051,-1.1214,5.2043,0.35255,-8.5067,-3.3695,-1.0268,0.32709,8.7619,-0.11249,-2.8724,4.0235,0.23091,-3.9033,1.7492,1.8834,-1.9979,0.16666,3.5065,5.6893,-5.6912,3.6004,0.23624,-1.4407,1.0789,-1.404,4.3462,2.583,-5.0237
11.24,-14.421,-4.43,13.195,-12.157,3.0469,0.48239,-2.1705,-2.675,-5.7837,-1.1876,8.3722,0.95892,12.809,2.6848,-6.9772,-3.2731,-1.4281,1.2903,7.02,-4.839,-4.061,-2.0677,2.1537,-0.39527,1.5878,1.6719,-0.0065878,-2.024,0.57502,4.1263,-1.1985,4.1766,-2.5634,-1.3593,-6.6341,1.6667,-5.116,2.9122,-5.5175
38.011,16.251,-0.045131,-1.1073,-3.06,5.1593,4.7975,4.1904,-1.9996,5.515,6.4654,-1.4957,1.2099,0.93104,1.2313,-0.47222,1.385,4.3864,1.0423,-4.4889,0.10867,0.86491,8.0652,-1.5204,-4.5825,-6.5316,2.3029,-3.7694,1.7839,0.82332,-6.2343,7.0352,2.3775,2.699,-1.0436,3.3265,-6.1391,2.4429,1.2479,4.9289
37.245,21.118,-3.7939,-0.57603,0.3599,2.0058,6.9618,-0.38713,-2.6007,2.1006,6.8893,-2.013,0.48211,-1.0538,2.3402,4.9819,1.7668,1.3941,2.8088,-3.6569,-1.8883,-0.46008,1.5919,-1.7846,-3.2589,-3.8709,2.0921,-4.5369,-0.79029,2.2202,-5.2122,5.2968,-1.1172,-0.065744,-1.7364,0.64368,-3.7546,7.2454,2.3584,-0.74827
36.227,11.545,0.51538,-0.24869,-4.0967,8.4117,5.0332,2.1737,1.1544,5.5048,5.6326,-0.53837,1.6302,3.0881,2.8367,-1.8622,-0.51446,5.7651,0.36744,-3.2518,-2.8341,0.83133,6.097,-2.4246,-5.5668,-6.5602,0.93338,-3.1969,-0.30668,2.4466,-3.7347,4.1305,2.044,-0.16926,-1.7837,-1.4145,-6.3168,-0.94114,-1.3188,6.5528
37.956,18.852,-1.645,-1.0369,-4.0955,-2.297,-3.6275,3.2764,-1.1898,3.3644,4.8946,-5.2218,-1.0531,-3.0847,-0.93721,-1.2765,-1.3075,6.9786,4.6472,-2.8555,-1.7036,-1.892,-3.5184,2.2803,-1.0268,-2.5111,3.8798,-0.52588,-0.47389,-1.1547,-0.97365,5.9018,2.9716,-1.4655,1.423,-0.96275,-3.931,-5.4562,-1.957,-1.1906
-4.9127,-29.784,-0.44389,-12.698,-4.6167,0.90658,-0.56988,5.2488,-11.605,-10.005,-4.0118,3.6154,-4.0225,-4.6311,8.3587,-3.7939,-0.20671,5.2292,2.9539,2.7485,1.17,-2.0304,0.53111,2.5808,1.4878,-2.1962,0.33162,-1.9128,0.62821,-1.04,3.3169,-1.8001,0.74948,3.1688,0.91316,-0.46036,-0.85382,-2.09,0.5884,0.25955
-4.9749,-30.4,5.1798,8.5487,-13.582,3.9338,-9.863,7.9325,0.098255,0.20038,3.7912,-5.3822,2.9985,-1.1595,11.775,-3.86,-6.6194,-7.4688,4.9621,-0.65379,0.14067,0.35417,-5.8051,1.9837,4.3856,1.9648,4.1154,-4.6937,-0.68516,-0.4758,1.6056,1.9118,2.0965,5.3628,1.117,5.964,-2.1593,-0.039234,-7.4234,-2.0598
9.0628,-25.595,-7.8384,7.0583,3.5531,-7.3351,-20.803,10.65,-1.8693,-8.7069,-0.82679,-12.312,-10.378,1.2679,2.5028,3.2374,2.4069,0.57925,4.8554,-4.0675,5.9237,-1.7848,4.5212,4.03,-1.6376,-1.2251,5.6936,2.6394,-1.6297,-4.2012,0.96764,-3.8581,-4.8161,1.7342,1.0526,-0.71653,-3.7432,-2.9983,2.4572,-2.7242
9.4192,-19.922,-13.887,-0.25244,9.6116,-4.3806,-6.5888,7.6337,-9.2176,-11.694,5.0577,-0.69282,-9.3439,-9.562,9.8319,-4.2966,-14.319,0.69154,2.2163,-2.2422,9.6838,-0.082353,3.3006,5.8853,1.564,1.0417,4.8738,1.0917,3.8736,2.8774,3.3072,0.77785,-4.1991,-0.13848,0.3885,-0.21014,-0.23405,-4.3289,1.2217,3.2922
6.5374,-6.6768,31.839,7.2109,6.6107,-6.9246,8.5453,-11.522,4.3486,-0.12069,-0.94575,-3.2553,-2.7393,6.4805,-3.855,-0.020653,-6.931,1.9051,-3.8577,-0.066014,-1.9056,-1.8456,1.0317,2.2575,-5.0717,-0.1316,-3.8189,-1.5359,-1.2555,-1.3361,2.8914,-1.6721,0.12509,-5.279,0.54433,2.048,-1.4442,-3.9339,4.2506,2.5366
7.7164,-5.7158,30.907,10.409,3.1704,-8.0718,8.016,-9.9957,4.2561,-3.629,-0.88378,-1.4933,-0.62166,10.735,-3.2181,0.70886,-7.9356,0.95849,-4.0365,0.22581,-2.408,-2.4231,4.1013,2.3455,-6.2278,-1.5618,-1.6665,-2.7886,-0.67297,0.052045,2.6339,-5.4359,-1.107,-5.4077,0.70083,1.2427,-2.0089,1.204,1.8047,2.8819
15.175,-6.4418,24.637,22.503,-9.6968,-10.852,17.151,-20.343,-1.3554,-10.07,10.996,-6.1165,0.54533,-0.65348,1.3611,-6.4874,-3.0078,2.2229,-4.8426,1.2038,-2.8833,-1.2401,-2.3023,3.658,-4.8181,1.2754,0.050322,4.5751,-1.9281,3.0511,-0.12477,-3.499,2.3028,3.9493,2.7678,3.576,-1.7203,1.6696,-3.4691,3.2247
8.1283,1.8237,28.601,25.926,-13.881,-11.184,12.589,-9.6337,3.3733,-6.8406,9.4427,-10.282,-0.98478,-0.60356,-4.7826,-0.61311,2.082,4.2333,-3.7456,1.8043,3.9974,0.5871,0.71668,-2.314,-3.4545,1.3588,0.39972,2.8858,-1.8655,-2.9814,-1.5874,-0.9516,1.1291,-0.75628,3.3773,-0.71192,0.94002,-1.245,5.7745,4.8759
-14.68,-15.126,-14.103,-2.6029,-0.6098,13.825,-1.7346,6.6411,5.7375,-9.676,-5.3844,5.6064,-3.0232,6.1042,-3.1256,1.4489,-0.67197,-1.0911,-1.5851,0.84537,2.9639,-4.5217,1.8116,2.9794,-1.3248,0.75952,-3.005,0.97396,2.2312,1.7877,-4.7953,-1.8554,1.8707,0.76413,2.0057,4.2897,0.63293,-1.7765,1.942,-0.5649
-13.32,-8.6241,-11.984,1.2555,3.0248,13.706,-1.7564,6.8087,16.086,-2.0421,2.997,-0.75006,-2.4817,-0.12763,6.0463,2.9585,-2.1871,-8.4702,-1.5093,2.7783,8.9626,-4.4679,-2.9233,6.8667,6.0096,2.6738,3.8045,-7.3845,-3.4213,0.46739,0.97575,-1.9981,-5.1654,-1.4119,-2.2619,6.2922,0.69598,1.4701,3.0369,2.4813
-17.875,-14.447,-8.5985,-0.69114,-3.5364,15.398,-2.4432,2.6101,8.3391,-9.9663,-2.083,2.2746,-5.0832,3.9203,-0.76899,3.9864,0.52124,0.24156,1.5237,-2.3878,1.9533,1.0793,2.8668,2.2888,-4.6056,2.0433,-0.60538,-1.6737,0.49652,2.3288,-3.9475,-0.57729,-0.83817,0.89162,3.1238,2.2744,4.491,-2.7725,3.1047,-0.78553
-7.8958,3.9881,-23.499,-3.8638,13.038,7.1947,8.5755,2.1129,1.4765,-7.0175,7.7228,6.3246,-5.9033,-1.3867,0.64473,0.22592,-4.054,-1.9879,1.9078,-8.1851,9.805,-4.1881,-6.516,0.914,-5.6216,-1.251,1.916,1.4766,1.8228,5.9254,-0.51838,5.2164,-3.8834,-7.525,-1.1538,1.3713,1.7934,-4.2552,0.95258,-0.24301
-16.857,12.748,-19.434,-9.5743,-13.087,8.2305,-0.37055,5.9443,-9.7016,5.5914,-5.1492,-3.9097,3.2915,2.2961,1.1744,-2.3382,4.1385,5.8756,-0.7946,4.2673,-1.4235,-1.773,12.034,0.11211,2.8534,2.6009,-4.5533,-1.6746,-2.8209,-5.6083,-5.4547,-5.7073,2.0503,-3.2975,-1.8457,-2.3212,1.9363,-0.22234,-2.9694,5.593
-21.371,5.6376,-23.99,-11.133,-3.0496,8.5526,-5.6639,-2.7808,-10.694,-1.4906,0.84029,-4.0183,0.54957,-5.8355,-2.6396,-2.8163,-4.6692,3.2817,-7.2684,4.3738,2.1648,-2.4343,5.7507,3.9332,6.7291,0.83231,6.4936,1.6603,-1.087,-1.4395,-2.853,-2.588,6.5324,-1.6109,-0.4315,-2.3984,-0.40372,-2.5081,-5.9677,5.9094
-19.403,5.6548,-16.081,-9.145,-8.6547,7.5071,-1.8215,-3.8343,-1.0508,7.9536,-5.2588,-6.9474,-7.9521,6.9227,-0.058683,3.7977,5.5162,7.3629,-4.3336,2.5994,-1.9028,0.95769,3.4409,2.1237,4.9323,7.3499,-0.75743,-3.0898,-6.6578,-1.2859,2.8059,-6.4358,-2.2685,-3.0651,-3.2739,-2.4464,5.165,-3.0005,-1.9719,1.558
-13.073,8.2881,-24.009,4.641,-21.07,8.2945,-6.4738,4.2698,-1.4693,5.4364,3.3309,-6.1225,6.8671,0.012559,-0.8217,-8.0945,-2.0667,3.9801,-2.8009,6.782,0.7483,5.6392,0.20089,-1.9171,0.75772,6.457,-3.1021,-8.4386,-6.6374,0.34624,-3.5298,-3.8781,-7.3691,-0.35571,1.6654,4.4529,1.1983,4.2058,-7.0736,-1.0315
-9.8664,25.251,16.204,-15.177,6.5624,9.5483,1.3783,-10.03,13.99,1.6468,-4.7816,2.6973,-7.1099,-6.9193,12.157,-7.1608,5.8584,3.4137,2.021,3.9392,-5.1508,-4.0989,-5.188,-2.3471,-3.7847,-0.033586,-0.53541,-1.1776,0.2637,2.7826,-0.57595,1.8893,-0.63019,-0.84594,-5.8368,3.2325,-0.48636,1.2028,-0.32835,-1.5271
-15.737,27.447,17.582,-5.4379,9.9815,5.728,-2.4203,-6.4408,14.19,7.2611,-6.1539,6.5146,-7.0222,-4.3965,13.713,-4.738,7.0596,4.0863,0.34,5.7404,-0.57204,-1.6769,1.3894,-6.0093,-4.9003,-1.9473,5.3806,5.0505,4.2515,1.3803,-0.8772,-5.3087,-0.65726,-0.10462,-0.98964,-0.21728,-0.15564,-0.37133,2.9522,-0.12684
-15.506,26.505,19.157,-9.4875,7.6316,8.3129,-2.0029,-5.3648,12.113,3.3437,-5.0532,2.6881,-8.4063,-6.1522,14.014,-6.8339,6.5136,4.6991,3.0713,5.713,-1.9754,-4.4155,-1.1433,-4.6173,-2.5528,0.13673,3.1196,1.7607,3.8777,2.0778,0.38834,-4.7085,-1.1091,-1.0163,-1.4631,-0.62661,-0.35075,-2.689,2.9956,-2.4357
-13.892,24.679,18.679,-11.331,8.6235,11.466,-0.40117,-9.8826,13.843,4.7072,-5.0428,2.9398,-9.9282,-5.962,14.443,-6.0774,6.3427,4.7232,1.1029,4.8686,-4.9071,-3.6903,-4.4297,-4.6437,-4.5175,0.89184,0.98734,1.4907,1.6906,4.5012,-0.45056,-0.091941,-1.0019,-1.2246,-4.1552,1.1793,-0.10214,-0.46181,0.26627,-1.7593
-7.3558,23.401,-21.064,-8.0733,-22.296,-12.981,5.8383,11.734,1.6402,-6.4094,1.9581,3.4404,-8.6549,4.3372,4.6755,6.9196,5.2007,-4.6401,1.7961,6.7479,6.8591,-0.10529,4.1162,-3.525,1.2685,-0.76773,-2.4137,3.2192,5.6075,-4.7022,0.76271,-5.1911,0.60503,-0.45512,1.0483,4.2512,-6.515,0.099716,5.2878,2.8048
-3.1742,25.364,8.6056,-0.51229,-10.499,5.5317,-7.3469,18.061,-5.232,2.4148,2.384,-7.2285,-6.3647,2.8178,1.9642,1.2458,-2.1016,5.8178,-4.4654,-0.92038,8.2615,1.8532,-6.145,2.8033,-4.2851,0.71712,4.1172,4.1029,7.0502,-3.8024,-2.0712,-9.4695,5.6812,2.3269,2.7367,-0.65817,0.29045,10.046,-0.34258,3.9356
-2.7873,21.441,-24.851,-12.61,-18.389,-9.8859,5.3777,9.3981,3.4674,-3.2415,4.8475,-0.24338,-5.9129,4.8825,-1.4784,5.656,2.1949,-7.5152,-2.1466,5.3757,3.5963,-6.7923,4.3339,-3.543,8.3526,-4.1273,1.8256,5.4831,2.7829,0.954,10.947,-6.0653,-0.87189,1.2574,-0.59614,1.3364,-4.1527,-0.42052,-3.0623,-0.71051
2.6713,27.212,0.028293,-4.0318,-5.3145,0.27666,-5.4467,13.976,-10.146,-9.6464,4.9355,-14.665,2.6854,1.1145,1.7753,5.5192,-5.7192,-0.026687,4.0531,5.0404,-7.8085,-12.484,-5.1278,0.075353,-2.1425,0.4843,-3.8588,5.0273,13.832,-3.4985,8.0535,1.297,7.2281,-10.274,-5.2739,-2.2954,-1.7259,0.45986,-10.142,3.2437
36.732,-9.69,-10.072,2.6468,3.5664,-7.5298,2.6726,-2.9437,-4.5935,8.5708,-2.9542,-8.0395,-10.861,-4.1098,-2.8692,-0.54206,0.81265,0.83119,6.4106,-3.0585,5.41,4.9272,1.4211,-0.8787,2.3983,5.4872,-5.1282,0.38025,-3.5984,2.0836,0.36999,-2.105,-0.70375,-1.8862,-1.7551,-1.619,0.25964,-0.74253,-1.1261,-2.9956
36.353,-11.923,-10.697,6.7128,0.088917,-8.5946,2.0883,-2.1611,-1.4003,11.479,-1.1463,-10.179,-6.4398,-0.83266,-3.5072,0.98818,1.2376,-1.3963,5.408,-3.3623,6.0333,0.28373,-0.60729,-4.3452,-1.0368,6.2216,-1.2888,2.1359,-1.4763,0.24102,-1.9524,-0.48274,-3.1658,1.4164,-2.9991,-4.6483,2.4625,-5.7785,-1.3074,1.5753
38.301,-6.2594,-10.475,2.1004,5.6788,-7.4327,6.1162,-3.8909,-2.2045,7.0115,0.092618,-5.7298,-9.3623,-5.9037,-1.8678,-5.4233,-4.7216,-1.741,6.3679,-2.8158,6.172,1.7364,-2.6148,2.3376,1.7243,5.5623,-4.1408,0.10034,-3.5411,2.9739,2.0584,-0.96539,-1.7492,-0.88883,-3.1836,-0.42767,-1.8684,3.6498,-0.14327,-7.62
22.975,-18.484,-0.8546,8.9085,-7.7432,-9.3897,6.114,2.141,-3.6051,2.7442,1.4877,-4.899,-10.984,-1.2,0.65574,-1.3704,-1.7135,-1.9921,5.5678,-0.33488,0.59213,-0.94218,-2.7125,-2.4715,1.5872,9.4351,-6.2008,0.75127,-0.34581,4.5145,-2.5087,-2.5458,-0.53136,0.34862,-0.35094,-4.8217,4.507,-4.3386,-2.3553,0.25857
17.883,-19.607,4.7186,1.4495,4.2577,12.739,1.0167,1.5621,7.4055,-3.0637,-2.7514,-1.3715,3.3216,7.7487,1.8136,-3.2095,-3.7558,-5.9304,2.0935,3.0638,-4.0168,-1.2758,-3.1456,-2.2478,2.0826,1.0652,-1.5909,-2.9778,0.36807,-1.2131,-3.1027,4.1554,0.18196,-0.69715,-3.0658,-7.079,-1.9799,1.5512,1.9779,1.9176
25.89,-17.605,0.66131,1.5674,12.678,12.025,-0.6285,-2.4727,4.3309,-1.1387,-5.326,-3.492,-1.6219,8.0823,-2.6232,-1.6336,-5.6509,-5.4043,2.0398,-0.80523,-3.3514,-1.2164,-2.715,-3.31,-1.4871,-1.0643,-1.7905,-2.9558,2.0032,-0.089058,-1.2893,3.4887,-0.4632,0.61667,-3.8899,-5.1551,-2.0765,-1.8985,1.7177,-0.12674
20.846,-22.741,-0.090213,-2.3146,8.5387,7.2041,-4.8811,1.4765,6.156,-5.6309,-2.0597,-2.2549,3.8669,5.3834,0.89624,-0.23984,-4.2884,-6.6788,-0.86645,3.3181,-1.9346,-6.4793,-7.1623,0.22286,5.7656,3.4595,2.9986,-2.0621,0.34621,-2.5461,-3.2241,2.2434,-0.21285,1.6643,0.65953,-2.8629,-4.5637,2.5091,4.0822,1.1343
30.425,-12.634,0.60862,1.0228,14.887,9.2589,0.62195,-7.8946,-4.6266,-6.8963,2.4842,-0.94714,-5.7916,-4.5359,-2.3495,-3.2492,-9.1124,1.1314,2.7427,-0.71225,-0.42822,6.2463,-4.3509,-0.019904,2.4208,0.48481,0.72854,-3.3057,2.2949,0.89076,-1.8019,1.8784,-1.9136,-2.8924,-0.49858,0.06293,-0.51045,0.79592,0.71101,1.7359
18.976,-16.33,-8.5982,7.1461,-10.559,13.202,-0.86655,2.51,-3.4165,-14.733,6.3434,12.047,-1.6828,1.6173,-3.7204,-0.41737,-2.5988,3.4716,2.6178,3.8838,-8.9639,8.3346,-2.7863,-0.3425,3.7585,-3.8441,2.3226,-1.0583,5.3981,-3.1781,-2.5389,-0.63046,-2.9549,0.57741,0.52661,7.6978,1.9815,-0.047825,-3.9768,0.36442
16.096,10.424,7.7129,19.942,22.46,25.087,1.1336,2.7276,-10.002,-0.3213,7.5677,5.4274,1.1754,6.6198,11.857,5.3201,-5.2219,2.3642,-2.2694,-7.9797,-0.84854,-0.45827,3.8488,-11.269,2.7264,0.11803,-3.494,5.7418,-5.9503,-0.94358,0.66727,-2.4837,4.1822,-2.6519,0.098924,-4.6926,3.1715,-1.3223,-0.77345,3.3993
10.108,21.463,5.3705,22.728,22.926,14.814,-0.91014,2.3246,-10.962,0.33493,7.2687,8.2053,2.0488,3.1389,10.066,3.2707,1.73,0.73321,5.062,-12.124,1.1924,0.080431,1.8048,-9.7633,5.9008,5.3027,-5.531,2.1795,-2.5561,-2.0635,3.1852,-4.5567,2.5411,2.7741,8.0836,1.0402,-0.56336,1.4761,-0.54388,-3.1221
11.151,21.886,2.1899,24.795,24.005,16.104,0.90056,1.9837,-10.193,1.5119,8.4311,8.1631,1.7814,2.8712,10.14,4.616,1.4321,-1.4197,4.5219,-11.524,0.50539,0.40483,2.4588,-11.264,4.7333,4.2395,-4.2414,2.2521,-2.1116,-2.401,0.67756,-4.5466,2.6203,3.3251,9.7729,1.0498,-0.94769,3.8317,1.9926,-2.4176
-30.398,6.8868,7.0746,7.7007,17.978,-0.37844,-4.3101,11.636,-6.0471,11.29,5.5082,1.3401,-7.3697,11.917,-6.7538,9.0978,-11.631,-1.1426,-12.295,-2.6403,0.74183,0.70927,1.6648,1.9457,-1.5853,-6.1715,-1.6067,-0.81555,-2.8029,8.3366,5.6348,2.5661,-6.1688,-0.5514,-10.394,0.59771,5.8964,1.0659,7.2032,0.36772
-27.241,18.245,2.5895,2.6338,23.952,-3.4624,-5.2583,9.2389,-7.6302,14.033,13.46,-0.69035,-8.7996,5.4699,-11.642,-6.296,0.32511,2.993,-3.11,4.3298,-5.5652,-5.1871,-2.8272,2.2761,-0.43245,-3.0945,4.9891,2.2678,-3.5517,-3.7406,-5.6126,3.0591,-4.0598,3.2178,1.838,3.077,3.0813,1.4133,-1.4915,-2.9875
-25.971,17.937,-0.9355,1.882,23.099,-0.97287,-2.9149,8.7946,-7.0441,16.714,9.9427,-2.606,-7.9478,6.6219,-12.468,-7.5745,3.2905,4.4047,-2.8055,2.9659,-4.7525,-4.422,-0.442,5.3519,1.9712,-2.5907,3.6934,1.5779,-1.6957,-1.289,-6.674,-2.5305,-4.9207,5.1244,3.8084,1.7037,-1.228,5.4866,3.0451,1.2843
-28.884,13.864,8.1802,5.4029,27.899,-0.70905,-10.341,8.8069,-8.5073,3.469,8.7054,-0.43061,-1.9721,-0.53682,-4.5824,-0.10821,-7.4583,1.0032,2.299,6.0027,0.1199,-7.8543,-5.3224,-5.6248,-4.1812,-5.3197,6.7996,2.9318,-4.695,-5.1115,-0.40165,7.4035,2.289,-1.7844,0.2676,1.2942,-5.4182,-3.9792,-5.3108,-6.3301
36.23,-6.4552,-3.8671,15.424,4.3337,-8.0189,8.2569,2.0619,2.7237,0.15566,-9.2705,-6.588,2.2214,1.4692,1.7402,-6.9093,3.4848,7.5081,2.2891,5.4631,2.4943,-4.7289,4.9936,2.1614,-0.10024,-3.6069,-0.92379,-1.9136,-0.9852,0.6032,-0.22605,-6.4405,-4.4013,-7.6931,-0.8372,5.2999,-2.2895,1.1864,-2.4222,2.2191
40.405,-6.6175,-4.7654,6.4433,14.601,-6.5418,1.5528,0.2842,6.3099,-3.7438,-17.713,-17.928,-1.627,5.4519,3.2464,2.0323,-0.12069,3.1043,-1.4766,-1.286,6.2946,-7.4252,-1.2784,-1.2101,3.1549,-1.606,0.83142,0.44678,0.87192,-2.2842,-1.0105,0.18443,1.6531,5.4569,1.2976,4.7406,3.5697,-0.24235,1.4699,1.0266
39.706,-8.3716,-5.083,11.943,11.589,-8.6595,3.3163,0.26738,8.6131,-0.36152,-15.746,-16.219,1.5164,7.1653,1.963,-1.9865,0.57064,1.2413,-0.057194,2.5767,4.0414,-4.6637,-1.8816,-3.3839,-1.6282,-6.8002,2.5651,0.81837,2.151,-1.2682,-3.0433,-1.2518,-1.7944,0.35929,-0.24523,2.8408,0.94205,0.78419,-1.7447,2.0137
40.122,-6.4167,-7.0063,5.8233,16.357,-8.5163,0.1152,1.4893,6.8658,-3.1764,-15.721,-17.743,-0.8445,5.2704,2.2594,1.5913,1.6867,1.4594,-2.6792,-1.292,6.543,-5.7295,-0.61569,-2.9207,0.73584,-3.6851,2.7724,4.1372,1.3295,-3.3493,-3.753,1.1578,2.6713,5.7849,1.4228,6.9761,4.286,1.3121,1.0536,-0.72027
28.586,30.325,-1.9364,18.836,16.148,3.2538,-2.9244,-0.4651,-0.47738,-5.827,-2.7233,11.028,-0.028485,-2.9557,-2.0749,6.3197,7.2905,-2.4399,5.0536,5.7225,3.8518,1.1549,0.69333,9.8439,0.246,-0.661,-1.9968,-3.4511,-2.9905,-0.60615,1.4337,-0.28318,2.2058,-0.56942,-0.29531,-1.7485,5.8645,-1.1514,-1.0145,-0.80969
25.942,28.841,-0.71944,18.707,17.289,2.4612,-7.2128,0.045816,-1.1719,-3.0394,-4.5369,11.636,-2.6713,-1.0163,-3.0515,9.0272,7.9653,-2.2936,3.9576,6.5108,7.1589,1.0187,-4.4371,12.075,-2.8208,-2.8846,-1.7337,-6.4889,0.77221,1.4087,-0.91533,-3.2879,1.9894,3.2503,2.0335,-5.0766,2.673,-1.7659,-3.7778,1.2284
23.867,28.612,-0.4933,18.66,16.182,0.74276,-8.0663,0.1644,-0.1248,-1.5402,-4.4971,12.121,-2.5182,-0.99579,-1.6002,8.3912,8.2218,-2.0644,3.3104,6.4678,6.1245,1.1158,-4.2356,12.302,-2.6113,-3.5511,-1.8926,-6.8604,1.3471,0.86078,-1.6184,-3.0006,1.29,3.5684,2.8413,-4.7403,1.9963,-3.1099,-3.6977,2.6779
28.085,32.807,-6.6322,24.749,10.435,7.8987,0.73848,-0.56024,1.8162,-4.6185,-0.50749,15.539,-1.2119,-0.85391,1.7962,4.8452,3.5041,-3.1769,-2.0655,7.7016,2.1187,-1.6072,2.8345,1.0783,-1.2944,-2.8525,2.9606,1.5136,-6.9647,-6.7016,4.0626,9.6091,0.37246,-4.4797,-3.9542,2.5025,5.4732,-1.5529,-4.7175,4.1064
-2.8818,-8.6469,-24.041,2.9752,10.612,0.16519,-12.291,-15.958,-9.5804,-3.3469,-10.106,6.9146,3.4229,0.54695,-0.69878,-1.096,8.2581,1.2233,-9.9837,3.3992,-0.061402,6.2014,3.9891,8.923,-5.7775,5.735,4.6386,5.9705,2.3188,5.0293,6.7864,1.431,0.11352,0.10545,0.074822,-4.4474,-6.9735,5.2556,6.4802,4.992
-4.9391,-6.8271,-19.025,1.2983,9.3272,15.649,0.8859,-11.26,4.518,-2.4609,-6.9351,-4.5812,7.9989,7.6117,-5.0413,10.462,6.3311,0.23664,-14.718,-4.9647,1.3182,-3.1334,-0.95141,5.0112,7.0988,5.9922,2.0519,3.2154,-0.26719,7.9576,-3.4034,4.5025,8.6275,-3.9839,-1.8357,0.8777,-8.0727,2.5508,-1.5972,-3.6383
-0.29591,9.8509,-14.358,10.207,4.324,-4.4211,22.545,-0.48066,-3.4263,-1.444,0.052222,7.0249,4.8709,3.2114,0.63612,-10.999,5.6245,-6.9607,-3.3074,-7.0374,-3.6357,1.6931,-0.35509,5.6964,-11.621,10.509,9.3547,-3.5708,-0.13516,2.5388,-1.6661,-2.5877,-1.0549,-4.8901,3.2202,6.7856,0.12828,-3.631,-9.5669,-6.1373
0.61204,-3.2776,-20.602,0.82827,9.7766,13.205,11.615,-4.9534,3.4596,0.22787,-10.151,-0.54675,8.0864,13.765,-9.0889,1.3059,7.5243,-2.058,-8.8583,-1.8757,-2.8241,-2.3898,0.99746,1.4977,6.7701,3.7693,-1.8853,8.5329,-0.79992,4.5873,-2.5983,2.4096,4.4518,-2.4919,1.927,3.7065,0.19435,0.19762,-5.1051,-2.9704
-27.379,-17.193,22.796,15.489,-10.05,3.0739,-1.4272,1.7691,-17.363,7.5348,-13.569,7.6353,1.9509,-4.9873,-1.3296,3.8829,4.6343,0.70513,-3.9945,0.44763,4.3179,-5.8308,0.36042,-4.137,6.5174,-5.6425,-1.6316,-13.458,5.7077,-3.1817,-0.1987,4.572,1.3362,3.1251,-4.982,7.4157,3.2478,-3.5887,-2.5239,-2.4078
4.5117,-15.811,21.824,3.7541,3.6532,-2.6727,5.4324,-12.489,-12.826,-0.0075342,3.3524,1.6569,5.2336,-16.611,-0.52092,-7.7627,-3.4992,1.7073,2.4895,4.096,1.8016,3.9192,3.8408,1.2561,3.8941,-5.2945,6.6095,16.015,-8.3743,-1.2912,-3.2651,-2.33,4.5506,-0.041125,-4.317,1.2556,2.4969,-1.5716,-2.7237,0.83991
2.2764,-12.676,23.98,11.103,-16.147,4.6298,3.4685,-6.7955,-20.349,3.8654,-8.8495,3.1628,1.8923,-8.7633,-3.496,-2.4786,5.4544,0.63955,-0.2816,-0.67582,1.7838,0.2706,8.7323,-0.049145,2.3024,-5.7044,-2.484,-0.030917,0.17886,-4.1389,0.58109,1.1968,0.82071,-0.86576,2.1416,1.0704,-0.94096,-2.8232,1.6003,-0.93573
2.9514,-13.006,24.566,19.294,-22.233,4.4296,0.44359,-3.9612,-20.413,4.7757,-6.8918,3.2077,1.6332,-3.3651,0.42233,1.2214,3.5212,4.9259,-3.9783,-1.8744,2.6854,1.509,3.142,-1.1854,2.0542,-3.4749,-1.4363,-7.8681,7.4971,-4.3501,1.0433,6.3921,2.8259,1.5998,-3.731,1.1642,1.1327,-3.2292,5.1634,-4.8442
-11.022,13.583,-24.224,3.6768,-29.025,-12.267,8.0941,1.3397,2.3263,0.21328,6.8828,8.5405,-11.107,4.0769,-1.3382,4.8587,2.3826,2.0504,-3.4541,3.2134,3.1399,-4.4719,0.64388,-8.3166,0.52471,3.6999,2.1002,4.886,2.8064,2.721,2.4609,6.8078,-3.4733,3.0658,4.1855,0.86894,2.4104,-2.4324,-1.767,-2.0644
7.2808,38.256,-9.4739,-2.6652,-6.7333,0.39454,-5.949,1.0237,-1.6293,8.262,0.73415,-2.2682,-8.7072,3.1271,4.8352,0.67541,-4.5061,1.9131,-12.165,-8.8692,-8.9393,1.3746,-6.7037,1.5533,-3.068,5.3267,-0.51107,-4.7165,-1.9365,-2.846,0.61909,-2.2998,0.25775,4.857,-2.1054,-0.98913,-0.90814,-1.7967,-1.2617,3.9099
-10.98,16.09,-25.241,3.8924,-27.757,-15.961,8.6409,-0.32586,0.97099,-0.19471,7.0708,7.878,-9.7915,4.2015,-0.57276,6.9841,1.521,3.1499,-4.8721,4.3875,3.2086,-3.5126,0.33423,-8.7644,0.63848,5.551,1.9917,4.875,3.8432,1.4701,2.4584,7.1151,-4.242,2.4246,3.1128,0.59595,2.2471,-3.013,0.33668,-1.0517
5.495,40.13,-11.016,-2.7363,-0.42719,0.2212,-7.7533,0.90596,-7.0335,6.5019,1.2333,-8.5241,-7.9904,1.9771,5.4217,-0.21954,-2.9254,1.2424,-8.4413,-7.0764,-11.511,2.2213,-7.3939,4.311,-1.3093,4.8782,-3.0355,-6.6452,-0.31479,-2.238,4.0565,-3.8562,1.4463,4.7463,-4.1825,-0.0016639,-2.059,-3.9528,0.20787,-0.13483
5.0994,-25.085,-4.7313,-19.547,2.5796,0.054852,0.33717,0.30914,-5.5369,-11.828,0.99729,6.5992,-1.0735,-7.5865,8.4115,-2.0775,-7.427,-5.3011,-6.6886,-1.536,4.4171,-1.1947,-7.3683,3.5683,6.363,-3.7366,-1.7102,4.2876,0.11358,4.0878,1.5032,3.8699,2.2962,1.4979,0.01068,-1.1741,0.0028992,5.3655,0.27624,-1.7629
6.9846,-23.855,-2.6047,-16.305,-1.1777,4.3818,-1.9611,-1.3734,-0.3384,-2.5735,-14.544,-2.7858,2.3758,-6.9075,3.0841,0.61248,1.6407,2.9866,-1.8056,5.356,-4.4352,3.5745,0.32119,-3.2183,-2.4529,-0.89916,-1.5992,2.3113,-0.21809,-0.51067,1.9441,1.3909,-0.043635,5.3108,3.6064,-0.81374,2.3685,2.137,-1.8026,-1.2054
10.455,-15.426,-8.4908,-24.094,2.3209,8.1867,1.358,-2.4475,-1.0778,-5.1844,-13.342,2.5916,2.1088,-10.632,5.2639,-2.6893,-1.2732,3.157,-6.2363,2.5847,-0.8653,-1.9739,-2.4699,1.1048,2.5059,0.6977,-3.3417,2.0717,-2.0994,-1.0451,0.45671,1.8854,1.2996,2.1276,1.1757,0.43067,2.9069,6.0528,1.8766,1.5082
-0.41792,-22.063,3.2082,-10.527,-11.323,4.3936,8.4095,3.9327,4.5538,-7.2769,-4.9792,5.6176,2.2997,2.3606,3.9581,-0.16979,-1.6703,-4.624,1.7946,3.0363,-2.2512,-6.0744,-3.6451,-1.4676,7.0673,-3.8789,-3.5798,-3.988,-1.8351,2.5346,-3.5915,-1.3919,0.54978,4.6506,-2.255,-1.9919,-0.63856,3.4389,-0.11354,-2.3727
43.421,12.422,-8.4179,-0.19442,-1.5157,-9.1803,4.5003,3.704,8.0056,-5.0111,-0.56535,10.103,2.9282,2.8875,-2.8368,0.59176,4.9482,-1.9561,-2.0367,1.4772,-5.4406,7.7539,-3.9788,-4.5491,6.2106,-0.54332,2.9561,0.94594,0.99452,0.7816,1.8146,-0.52583,-0.2153,-3.6338,-1.526,5.5115,0.99882,-1.0208,-1.2295,-0.54352
48.919,12.574,-8.7353,3.5217,-9.9819,-9.4526,3.0808,-0.49108,10.159,4.4969,0.088616,10.113,1.068,0.88074,-4.014,2.9586,0.62242,0.19823,-1.109,0.9904,-1.7601,8.5635,-7.2728,-5.2825,5.1701,-2.971,1.4482,2.2798,3.4012,5.5596,-3.7869,2.1397,-1.3258,-1.1952,-3.5002,4.0119,1.9706,1.8117,-0.91839,2.3403
54.164,11.951,-8.4839,-2.7783,1.8503,-9.2727,2.7527,-3.9893,-0.66485,1.8528,3.5759,-1.4997,6.5017,4.8374,1.675,-3.77,6.4447,-9.5269,-2.9959,-0.87493,-7.3012,5.2622,0.68307,0.2972,1.9232,-2.6281,-1.9496,3.0704,0.90925,0.22396,5.3474,1.1349,-6.7595,4.5412,0.20081,-2.3297,1.7956,-0.35675,0.10319,3.0703
52.641,15.543,-5.8968,-5.3143,-0.17761,-8.8147,5.0676,-2.6896,-1.0436,0.59988,3.2427,-1.2472,8.3501,2.2941,-0.37848,-2.8304,7.6312,-8.0773,-4.2176,-0.68735,-5.8032,0.086656,1.0209,-2.922,2.6389,-1.9338,2.2727,0.38448,-0.024832,-3.2647,3.9733,1.6363,-6.7919,2.3869,-1.545,-2.8637,2.1431,0.49899,0.87866,1.6559
-14.633,-10.129,-19.892,8.6117,-9.1391,-6.2276,-6.9618,-11.069,4.1025,10.598,1.9498,-4.2558,13.218,0.58854,-2.3409,-7.8125,3.6172,-2.3262,7.8308,0.12419,7.4123,-1.0231,-9.7918,-1.0177,-1.9969,1.5397,2.1149,-1.7098,-1.3505,-3.8264,7.0055,5.7347,1.4314,9.7279,0.94053,1.61,0.42247,0.80443,-0.64799,5.5799
-23.63,-15.37,-8.9597,12.817,-15.619,-6.8549,7.677,3.7294,-1.269,-4.247,-0.41599,5.235,4.617,6.5915,-2.8945,-7.2035,1.8964,0.57101,9.6073,-2.2872,-1.2652,-2.5556,-0.59619,-0.3769,0.54047,2.2619,-3.92,1.407,4.3469,-0.6187,-3.8754,-1.9226,0.13959,0.082931,-2.9634,-2.5701,1.3299,-0.62216,3.615,-0.39079
-24.245,-18.285,-10.337,20.602,-17.259,-5.0905,1.9207,-0.70679,0.3436,1.8531,5.9106,1.5951,8.5594,8.2306,2.3892,-5.2232,2.4161,3.1962,10.46,2.1331,0.49047,3.2295,-4.7378,1.7369,-3.6785,-0.17024,-1.059,3.2368,-1.3892,0.0085896,2.6179,3.9528,3.11,4.1049,-2.6187,-1.2752,2.8771,-1.248,-0.564,3.9794
-7.1222,-1.6513,-29.805,-13.532,11.818,-5.8023,3.6017,-6.1648,-5.3414,5.1406,1.9322,0.48086,5.719,-7.2234,0.40329,-8.2462,-10.276,-4.9314,-6.0198,-4.445,7.0324,0.15989,-0.40049,0.18405,-4.9172,-0.087207,-5.5354,1.6225,5.3221,-0.037983,-0.095872,1.4836,-1.8199,0.85909,7.1123,-2.2651,-0.0058093,-3.4107,-1.1672,2.9977
